Changes made at Sat Aug  9 05:58:18 UTC 2025
Changes made at Thu Nov 20 13:42:43 UTC 2025
Changes made at Thu Nov 20 14:01:15 UTC 2025
Changes made at Thu Nov 20 16:11:08 UTC 2025
Changes made at Fri Nov 21 08:13:30 UTC 2025
Changes made at Fri Nov 21 10:09:19 UTC 2025
Changes made at Fri Nov 21 14:09:05 UTC 2025
Changes made at Fri Nov 21 16:10:55 UTC 2025
Changes made at Sat Nov 22 08:11:07 UTC 2025
Changes made at Sat Nov 22 10:07:51 UTC 2025
Changes made at Sat Nov 22 14:01:08 UTC 2025
Changes made at Sat Nov 22 16:08:54 UTC 2025
Changes made at Sun Nov 23 08:11:12 UTC 2025
Changes made at Sun Nov 23 10:07:59 UTC 2025
